image,x,y,answer
IMG_2211.jpg,228,150,mào gà
IMG_2211.jpg,226,125,lỗ tịt
IMG_2211.jpg,295,147,trần ổ mắt
IMG_2211.jpg,237,172,lỗ sàng
IMG_2211.jpg,226,208,ách bướm
IMG_2211.jpg,252,225,lỗ ống thần kinh thị giác
IMG_2211.jpg,268,243,lỗ tròn
IMG_2211.jpg,283,278,lỗ bầu dục
IMG_2211.jpg,254,276,lỗ rách
IMG_2211.jpg,286,329,lỗ ống tai trong
IMG_2211.jpg,280,342,lỗ tĩnh mạch cảnh trong
IMG_2211.jpg,255,358,lỗ thần kinh hạ thiệt
IMG_2211.jpg,185,239,mỏm yên trước
IMG_2211.jpg,219,271,lưng yên
IMG_2211.jpg,227,504,ụ chẩm trong
IMG_2211.jpg,278,505,rãnh xoang ngang
IMG_2211.jpg,316,371,rãnh xoang sigma
IMG_2211.jpg,222,454,mào chẩm trong
IMG_2211.jpg,144,324,phần đá xương thái dương
IMG_2212.jpg,71,246,hành khứu
IMG_2212.jpg,107,247,dải khứu
IMG_2212.jpg,263,140,rãnh thái dương
IMG_2212.jpg,272,184,rãnh bên phụ
IMG_2212.jpg,251,218,hồi cạnh hải mã
IMG_2213.jpg,134,98,rãnh đai
IMG_2213.jpg,336,133,rãnh dưới đỉnh
IMG_2213.jpg,157,128,rãnh thể chai
IMG_2213.jpg,150,191,thể chai mỏ
IMG_2213.jpg,117,170,thể chai gối
IMG_2213.jpg,201,130,thể chai thân
IMG_2213.jpg,294,166,thể chai lồi
IMG_2213.jpg,367,144,rảnh đỉnh chẩm
IMG_2213.jpg,395,191,rãnh cựa
IMG_2213.jpg,192,106,hồi đai
IMG_2213.jpg,402,157,hồi chêm
IMG_2213.jpg,368,208,hồi lưỡi
IMG_2213.jpg,224,56,tiểu thùy cạnh trung tâm
IMG_2213.jpg,240,176,đồi thị
IMG_2213.jpg,213,179,mép dính gian đồi thị
IMG_2213.jpg,199,148,vòm não
IMG_2213.jpg,155,167,vách trong suốt
IMG_2213.jpg,198,210,vùng hạ đồi
IMG_2213.jpg,189,170,lỗ gian não thất
IMG_2214.jpg,232,120,rãnh trung tâm
IMG_2214.jpg,225,205,rãnh bên
IMG_2214.jpg,183,94,rãnh trước trung tâm
IMG_2214.jpg,287,93,rãnh sau trung tâm
IMG_2214.jpg,120,106,rãnh trán trên
IMG_2214.jpg,101,143,rãnh trán dưới
IMG_2214.jpg,270,237,rãnh thái dương trên
IMG_2214.jpg,269,282,rãnh thái dương dưới
IMG_2214.jpg,372,117,rãnh nội đỉnh
IMG_2214.jpg,396,217,rãnh đỉnh chẩm
IMG_2215.jpg,238,89,thần kinh ròng rọc
IMG_2215.jpg,286,108,thần kinh trên ổ mắt
IMG_2215.jpg,273,254,thần kinh dưới ổ mắt
IMG_2215.jpg,279,359,thần kinh cằm
IMG_2215.jpg,165,295,cơ vòng miệng
IMG_2215.jpg,185,214,cơ mũi phần ngang
IMG_2215.jpg,165,236,cơ nâng môi trên cánh mũi
IMG_2215.jpg,125,215,cơ vòng mắt phần mí mắt
IMG_2215.jpg,121,229,cơ vòng mắt phần ổ mắt
IMG_2215.jpg,117,252,cơ gò má nhỏ
IMG_2215.jpg,99,267,cơ gò má lớn
IMG_2215.jpg,124,320,cơ cười
IMG_2215.jpg,133,270,cơ nâng góc miệng
IMG_2215.jpg,126,303,cơ mút
IMG_2215.jpg,167,345,cơ hạ môi dưới
IMG_2215.jpg,140,355,cơ hạ góc miệng
IMG_2215.jpg,253,360,cơ cằm
IMG_2215.jpg,250,253,động mạch mặt
IMG_2215.jpg,253,289,động mạch môi trên
IMG_2215.jpg,268,331,động mạch môi dưới
IMG_2215.jpg,77,440,cơ thang
IMG_2215.jpg,143,92,cơ trán
IMG_2215.jpg,230,185,thần kinh dưới ròng rọc
IMG_2215.jpg,305,202,nhánh mi của thần kinh lệ
IMG_2215.jpg,124,444,cơ bậc thang
IMG_2215.jpg,177,456,cơ ức đòn chũm
IMG_2215.jpg,268,426,động mạch cảnh trong
IMG_2215.jpg,146,405,tĩnh mạch cảnh trong
IMG_2215.jpg,97,484,đám rối cánh tay
IMG_2216.jpg,190,130,cơ thái dương
IMG_2216.jpg,203,435,cơ bậc thang trước
IMG_2216.jpg,239,452,cơ bậc thang giữa
IMG_2216.jpg,263,463,cơ bậc thang sau
IMG_2216.jpg,274,385,cơ nâng vai
IMG_2216.jpg,200,383,động mạch cảnh chung
IMG_2216.jpg,161,520,tĩnh mạch dưới đòn
IMG_2216.jpg,206,524,động mạch dưới đòn
IMG_2216.jpg,214,505,đám rối cánh tay
IMG_2216.jpg,286,295,cơ bán gai đầu
IMG_2216.jpg,162,376,cơ giáp móng
IMG_2217.jpg,186,153,cơ tai trước
IMG_2217.jpg,103,143,cơ tai trên
IMG_2217.jpg,84,238,cơ tai sau
IMG_2217.jpg,254,260,cơ cắn
IMG_2217.jpg,204,449,tuyến nước bọt mang tai
IMG_2217.jpg,226,253,tuyến nước bọt mang tai
IMG_2217.jpg,204,269,dây thần kinh VII
IMG_2217.jpg,199,331,cơ ức đòn chũm
IMG_2217.jpg,185,406,cơ bậc thang trước
IMG_2217.jpg,172,430,cơ bậc thang giữa
IMG_2217.jpg,163,390,cơ bậc thang sau
IMG_2217.jpg,108,482,cơ thang
IMG_2217.jpg,235,496,tĩnh mạch dưới đòn
IMG_2217.jpg,207,498,động mạch dưới đòn
IMG_2217.jpg,197,488,đám rối cánh tay
IMG_2217.jpg,235,398,tĩnh mạch cảnh ngoài
IMG_2217.jpg,130,144,động mạch thái dương nông
IMG_2218.jpg,227,124,lỗ tịt
IMG_2218.jpg,235,171,lỗ sàng
IMG_2218.jpg,231,240,lỗ ống thần kinh thị giác
IMG_2218.jpg,200,254,mỏm yên trước
IMG_2218.jpg,216,285,lưng yên
IMG_2218.jpg,201,512,ụ chẩm trong
IMG_2218.jpg,173,249,lỗ tròn
IMG_2218.jpg,153,278,lỗ bầu dục
IMG_2218.jpg,176,283,lỗ rách
IMG_2218.jpg,162,331,lỗ ống tai trong
IMG_2218.jpg,192,323,lỗ tĩnh mạch cảnh trong
IMG_2218.jpg,193,368,lỗ ống thần kinh hạ thiệt
IMG_2218.jpg,134,494,rãnh xoang ngang
IMG_2218.jpg,114,358,rãnh xoang sigma
IMG_2218.jpg,223,153,mào gà
IMG_2218.jpg,213,451,xoang thẳng
IMG_2218.jpg,220,500,hội lưu xoang
IMG_2218.jpg,118,186,cánh nhỏ xương bướm
IMG_2218.jpg,107,263,cánh lớn xương bướm
IMG_2218.jpg,176,222,khe ổ mắt
IMG_2219.jpg,223,239,liềm đại não
IMG_2219.jpg,181,286,thể chai
IMG_2219.jpg,194,298,vách trong suốt
IMG_2219.jpg,218,304,vòm não
IMG_2220.jpg,130,542,cơ hàm móng
IMG_2220.jpg,135,526,cơ cằm móng
IMG_2220.jpg,219,478,cơ trâm móng
IMG_2220.jpg,208,454,cơ trâm lưỡi
IMG_2220.jpg,64,470,tiền đình miệng
IMG_2220.jpg,130,505,tuyến nước bọt dưới lưỡi
IMG_2220.jpg,183,520,tuyến nước bọt dưới hàm
IMG_2220.jpg,54,403,thềm mũi
IMG_2220.jpg,113,404,ngách mũi
IMG_2220.jpg,132,393,xoăn mũi
IMG_2221.jpg,312,63,rãnh đai
IMG_2221.jpg,380,78,rãnh dưới đỉnh
IMG_2221.jpg,345,84,thể chai
IMG_2221.jpg,394,93,rãnh đỉnh chẩm
IMG_2221.jpg,397,119,rãnh cựa
IMG_2221.jpg,336,68,hồi đai
IMG_2221.jpg,355,49,tiểu thùy cạnh trung tâm
IMG_2221.jpg,402,103,hồi chêm
IMG_2221.jpg,344,106,đồi thị
IMG_2221.jpg,323,86,vách trong suốt
IMG_2221.jpg,368,148,tiểu não
IMG_2222.jpg,184,330,rãnh hành cầu
IMG_2222.jpg,165,76,rãnh cầu cuống
IMG_2222.jpg,282,73,dây thần kinh 3
IMG_2222.jpg,413,169,dây thần kinh 5
IMG_2222.jpg,258,316,dây thần kinh 6
IMG_2222.jpg,330,308,dây thần kinh 7
IMG_2222.jpg,345,298,dây thần kinh 8
IMG_2222.jpg,318,350,dây thần kinh 9
IMG_2222.jpg,318,380,dây thần kinh 10
IMG_2222.jpg,280,468,dây thần kinh 11
IMG_2222.jpg,294,400,dây thần kinh 12
IMG_2222.jpg,212,388,tháp hành
IMG_2222.jpg,289,349,rãnh bên trước
IMG_2222.jpg,263,496,dây thần kinh C1
IMG_2223.jpg,176,91,dây thần kinh 3
IMG_2223.jpg,334,176,dây thần kinh 4
IMG_2223.jpg,218,166,dây thần kinh 5
IMG_2223.jpg,226,76,cuống đại não
IMG_2223.jpg,181,414,trám hành
IMG_2223.jpg,138,308,dây thần kinh 6
IMG_2223.jpg,192,320,dây thần kinh 7
IMG_2223.jpg,216,328,dây thần kinh 8
IMG_2223.jpg,203,372,dây thần kinh 9
IMG_2223.jpg,215,417,dây thần kinh 10
IMG_2223.jpg,216,498,dây thần kinh 11
IMG_2223.jpg,150,391,dây thần kinh 12
IMG_2223.jpg,180,450,rãnh bên trước
IMG_2223.jpg,230,459,rãnh bên sau
IMG_2224.jpg,171,119,củ não sinh 4
IMG_2224.jpg,238,49,tuyến tùng
IMG_2224.jpg,167,232,thần kinh ròng rọc
IMG_2224.jpg,208,431,tam giác lang thang
IMG_2224.jpg,216,406,tam giác hạ thiệt
IMG_2224.jpg,215,286,gò thần kinh mặt
IMG_2224.jpg,186,324,diện tiền đình
IMG_2224.jpg,247,370,vân tủy não thất 4
IMG_2224.jpg,270,258,màn tủy trên
IMG_2225.jpg,196,432,đốt lồi
IMG_2225.jpg,218,222,động mạch đốt sống
IMG_2226.jpg,158,204,đốt đội
IMG_2226.jpg,210,250,đốt trục
IMG_2226.jpg,154,267,mỏm răng
IMG_2226.jpg,200,134,nền xương chẩm
IMG_2226.jpg,205,88,động mạch nền
IMG_2227.jpg,227,340,đường khớp dọc
IMG_2227.jpg,185,193,đường khớp vành
IMG_2227.jpg,179,500,đường khớp lam-đa
IMG_2228.jpg,244,200,xương móng thân
IMG_2228.jpg,193,171,xương móng sừng nhỏ
IMG_2228.jpg,166,142,xương móng sừng lớn
IMG_2228.jpg,193,314,sụn giáp mảnh
IMG_2228.jpg,235,352,sụn giáp lồi thanh quản
IMG_2228.jpg,240,328,khuyết giáp trên
IMG_2228.jpg,234,407,sụn nhẫn
IMG_2228.jpg,227,435,sụn khí quản
IMG_2228.jpg,232,273,thùy tháp tuyến giáp
IMG_2228.jpg,204,430,eo tuyến giáp
IMG_2228.jpg,146,361,thùy phải tuyến giáp
IMG_2228.jpg,273,268,màng tuyến giáp
IMG_2228.jpg,132,336,động mạch giáp trên
IMG_2228.jpg,198,448,tĩnh mạch giáp dưới
IMG_2229.jpg,254,326,cơ phễu ngang
IMG_2229.jpg,232,342,cơ phễu chéo
IMG_2229.jpg,246,398,cơ nhẫn phễu sau
IMG_2229.jpg,219,412,mảnh sụn nhẫn
IMG_2229.jpg,188,169,sụn thượng thiệt
IMG_2229.jpg,132,286,ngách hình lê
IMG_2230.jpg,134,406,đường hàm móng
IMG_2230.jpg,84,411,lỗ hàm dưới
IMG_2230.jpg,209,377,gai cằm
IMG_2231.jpg,173,302,mỏm lồi cầu
IMG_2231.jpg,163,276,chỏm lồi cầu
IMG_2231.jpg,176,287,hố chân bướm
IMG_2231.jpg,119,329,mỏm vẹt
IMG_2231.jpg,72,359,khuyết hàm dưới
IMG_2231.jpg,125,482,góc hàm
IMG_2231.jpg,73,414,ngành hàm
IMG_2231.jpg,189,421,đường chếch
IMG_2231.jpg,291,444,lỗ cằm
IMG_2231.jpg,352,429,ụ cằm
IMG_2231.jpg,346,454,củ cằm
IMG_2232.jpg,96,368,đường chếch
IMG_2232.jpg,124,454,lỗ cằm
IMG_2232.jpg,213,499,ụ cằm
IMG_2232.jpg,172,513,củ cằm
IMG_2233.jpg,283,252,thân động mạch phổi
IMG_2233.jpg,259,191,động mạch chủ
IMG_2233.jpg,174,163,tĩnh mạch chủ trên
IMG_2233.jpg,189,318,rãnh vành
IMG_2233.jpg,128,372,động mạch vành phải
IMG_2233.jpg,259,454,rãnh gian thất trước
IMG_2233.jpg,254,431,tĩnh mạch gian thất trước
IMG_2233.jpg,290,406,động mạch gian thất trước
IMG_2233.jpg,248,328,nón động mạch
IMG_2233.jpg,170,266,tiểu nhĩ phải
IMG_2233.jpg,320,295,tiểu nhĩ trái
IMG_2233.jpg,272,562,đỉnh tim
IMG_2234.jpg,328,422,tâm nhĩ phải
IMG_2234.jpg,228,304,tâm nhĩ trái
IMG_2234.jpg,222,235,động mạch phổi
IMG_2234.jpg,288,212,tĩnh mạch chủ trên
IMG_2234.jpg,213,206,động mạch chủ lên
IMG_2234.jpg,350,295,tĩnh mạch phổi trên phải
IMG_2234.jpg,350,340,tĩnh mạch phổi dưới phải
IMG_2234.jpg,308,528,tĩnh mạch chủ dưới
IMG_2234.jpg,189,364,xoang vành
IMG_2234.jpg,102,384,tĩnh mạch sau của tâm thất trái
IMG_2234.jpg,228,477,tĩnh mạch gian thất sau
IMG_2234.jpg,111,351,tĩnh mạch tim lớn
IMG_2234.jpg,102,496,tâm thất trái
IMG_2234.jpg,206,503,động mạch gian thất sau
IMG_2235.jpg,124,183,động mạch phổi
IMG_2235.jpg,300,175,động mạch chủ
IMG_2235.jpg,219,134,tĩnh mạch chủ trên
IMG_2235.jpg,42,448,tĩnh mạch chủ dưới
IMG_2235.jpg,296,320,rãnh vành
IMG_2235.jpg,217,396,động mạch vành phải
IMG_2235.jpg,252,265,tiểu nhĩ phải
IMG_2235.jpg,94,350,tâm nhĩ phải
IMG_2236.jpg,150,116,tĩnh mạch chủ trên
IMG_2236.jpg,244,156,động mạch phổi
IMG_2236.jpg,225,119,động mạch chủ
IMG_2236.jpg,192,219,van động mạch phổi
IMG_2236.jpg,203,288,van động mạch chủ
IMG_2236.jpg,186,417,vách gian thất
IMG_2236.jpg,112,428,cơ nhú
IMG_2236.jpg,143,440,cầu cơ
IMG_2236.jpg,241,400,cơ nhú
IMG_2236.jpg,275,403,cơ nhú
IMG_2236.jpg,102,256,tâm nhĩ phải
IMG_2236.jpg,98,372,tâm thất phải
IMG_2236.jpg,252,368,tâm thất trái
IMG_2237.jpg,368,119,tiểu nhĩ phải
IMG_2237.jpg,270,128,tiểu nhĩ trái
IMG_2237.jpg,210,167,động mạch vành trái
IMG_2237.jpg,171,208,gờ cơ
IMG_2237.jpg,352,222,cơ nhú
IMG_2237.jpg,87,149,tâm nhĩ phải
IMG_2237.jpg,103,255,tâm thất phải
IMG_2237.jpg,180,231,tâm thất trái
IMG_2237.jpg,182,256,cầu cơ
IMG_2238.jpg,291,174,tĩnh mạch chủ trên
IMG_2238.jpg,324,210,tĩnh mạch đơn
IMG_2238.jpg,183,105,tĩnh mạch cánh tay đầu phải
IMG_2238.jpg,303,104,tĩnh mạch cánh tay đầu trái
IMG_2238.jpg,253,133,động mạch cảnh chung trái
IMG_2238.jpg,286,257,động mạch phổi phải
IMG_2238.jpg,171,244,động mạch phổi trái
IMG_2238.jpg,352,333,tĩnh mạch phổi phải
IMG_2238.jpg,178,304,tĩnh mạch phổi trái
IMG_2238.jpg,367,548,tĩnh mạch chủ dưới
IMG_2238.jpg,156,462,xoang vành
IMG_2238.jpg,69,459,tĩnh mạch bờ trái
IMG_2238.jpg,218,523,tĩnh mạch tim giữa
IMG_2238.jpg,254,510,động mạch gian thất sau
IMG_2238.jpg,208,120,thân động mạch cánh tayđầu
IMG_2239.jpg,223,76,sụn thanh quản
IMG_2239.jpg,227,47,màng giáp móng
IMG_2239.jpg,227,28,xương móng
IMG_2239.jpg,226,104,màng nhẫn giáp
IMG_2239.jpg,193,190,động mạch cảnh chung phải
IMG_2239.jpg,258,186,động mạch cảnh chung trái
IMG_2239.jpg,176,180,tĩnh mạch cảnh trong phải
IMG_2239.jpg,271,184,tĩnh mạch cảnh trong trái
IMG_2239.jpg,172,205,tĩnh mạch cánh tay đầu phải
IMG_2239.jpg,238,206,tĩnh mạch cánh tay đầu trái
IMG_2239.jpg,206,244,cung động mạch chủ
IMG_2239.jpg,225,270,thân động mạch phổi
IMG_2239.jpg,103,372,khe ngang
IMG_2239.jpg,328,456,khe chếch
IMG_2239.jpg,137,220,đỉnh phổi phải
IMG_2239.jpg,290,217,đỉnh phổi trái
IMG_2239.jpg,199,410,bờ trước phổi phải
IMG_2239.jpg,279,397,bờ trước phổi trái
IMG_2239.jpg,16,423,bờ sau phổi phải
IMG_2239.jpg,408,422,bờ sau phổi trái
IMG_2239.jpg,124,536,bờ dưới phổi phải
IMG_2239.jpg,312,549,bờ dưới phổi trái
IMG_2240.jpg,231,128,khí quản
IMG_2240.jpg,180,364,phế quản chính phải
IMG_2240.jpg,290,350,phế quản chính trái
IMG_2240.jpg,137,264,phế quản thùy trên phải
IMG_2240.jpg,306,306,phế quản thùy trên trái
IMG_2240.jpg,134,334,phế quản thùy giữa phải
IMG_2240.jpg,334,376,phế quản thùy giữa trái
IMG_2240.jpg,157,412,phế quản thùy dưới phải
IMG_2240.jpg,334,413,phế quản thùy dưới trái
IMG_2240.jpg,187,396,tĩnh mạch đơn
IMG_2240.jpg,277,259,động mạch phổi
IMG_2240.jpg,266,287,tĩnh mạch phổi
IMG_2240.jpg,185,286,động mạch phổi
IMG_2240.jpg,166,301,tĩnh mạch phổi
IMG_2240.jpg,160,344,tĩnh mạch phổi
IMG_2240.jpg,258,332,tĩnh mạch phổi
IMG_2240.jpg,196,231,tĩnh mạch chủ trên
IMG_2240.jpg,232,369,thực quản
IMG_2240.jpg,250,392,động mạch chủ ngực
IMG_2241.jpg,100,201,tháp thận
IMG_2241.jpg,111,138,tháp thận
IMG_2241.jpg,222,97,tháp thận
IMG_2241.jpg,281,111,tháp thận
IMG_2241.jpg,350,224,tháp thận
IMG_2241.jpg,276,257,tháp thận
IMG_2241.jpg,118,197,nhú thận
IMG_2241.jpg,137,156,nhú thận
IMG_2241.jpg,230,129,nhú thận
IMG_2241.jpg,268,135,nhú thận
IMG_2241.jpg,321,203,nhú thận
IMG_2241.jpg,296,230,nhú thận
IMG_2241.jpg,73,221,tiểu thùy vỏ
IMG_2241.jpg,196,176,xoang thận
IMG_2241.jpg,297,203,xoang thận đài bé
IMG_2241.jpg,225,166,xoang thần đài lớn
IMG_2241.jpg,173,268,xoang thận bể thận
IMG_2241.jpg,214,281,động mạch thận
IMG_2241.jpg,199,283,tĩnh mạch thận
IMG_2241.jpg,279,174,động mạch gian thùy
IMG_2241.jpg,282,63,động mạch gian tiểu thùy
IMG_2241.jpg,76,131,động mạch cung
IMG_2241.jpg,119,283,niệu quản
IMG_2242.jpg,273,299,niệu quản
IMG_2242.jpg,286,89,tuyến thượng thận
IMG_2242.jpg,312,246,cơ vuông thắt lưng
IMG_2242.jpg,307,370,cơ thắt lưng lớn
IMG_2242.jpg,350,371,cơ chậu
IMG_2242.jpg,378,222,các cơ thành bụng trước 
IMG_2242.jpg,229,199,động mạch chủ bụng và các 
IMG_2242.jpg,198,208,tĩnh mạch chủ dưới và các nhánh
IMG_2242.jpg,286,332,tĩnh mạch dây leo
IMG_2242.jpg,262,200,tĩnh mạch sinh dục
IMG_2242.jpg,256,130,tĩnh mạch thượng thận
IMG_2244.jpg,342,234,dây chằng tròn
IMG_2244.jpg,344,266,dây chằng rộng
IMG_2244.jpg,328,398,vòi tử cung phễu
IMG_2244.jpg,338,350,vòi tử cung bóng
IMG_2244.jpg,314,292,vòi tử cung eo vòi
IMG_2244.jpg,320,209,nếp rốn trong
IMG_2244.jpg,306,313,dây chằng riêng buồng trứng
IMG_2244.jpg,248,141,cơ thẳng bụng
IMG_2245.jpg,215,529,đỉnh bàng quang
IMG_2245.jpg,240,226,đáy bàng quang
IMG_2245.jpg,233,352,mặt trên bàng quang
IMG_2245.jpg,60,284,niệu quản
IMG_2245.jpg,104,290,ống dẫn tinh
IMG_2245.jpg,362,304,ống dẫn tinh
IMG_2246.jpg,293,245,tuyến tinh
IMG_2246.jpg,234,234,bóng ống dẫn tinh
IMG_2246.jpg,225,320,tuyến tiền liệt
IMG_2246.jpg,284,429,mặt dưới bên bàng quang
IMG_2247.jpg,226,287,đáy bàng quang
IMG_2247.jpg,32,353,niệu quản
IMG_2247.jpg,92,338,ống dẫn tinh
IMG_2248.jpg,118,476,đáy tử cung
IMG_2248.jpg,192,516,tử cung mặt trên
IMG_2248.jpg,180,462,tử cung mặt dưới
IMG_2248.jpg,178,486,buồng tử cung
IMG_2248.jpg,316,488,túi cùng douglas
IMG_2248.jpg,220,454,túi cùng bàng quang tử cung
IMG_2248.jpg,275,362,âm đạo
IMG_2248.jpg,266,306,vòm âm đạo
IMG_2248.jpg,58,383,đỉnh bàng quang
IMG_2248.jpg,226,404,đáy bàng quang
IMG_2248.jpg,24,364,dây chằng rốn giữa
IMG_2248.jpg,155,414,mặt trên bàng quang
IMG_2248.jpg,152,370,mặt dưới bàng quang
IMG_2248.jpg,216,380,niệu đạo lỗ trong
IMG_2248.jpg,216,286,niệu đạo lỗ ngoài
IMG_2248.jpg,149,267,âm vật
IMG_2248.jpg,206,260,môi bé
IMG_2248.jpg,340,410,trực tràng
IMG_2248.jpg,347,328,ống hậu môn
IMG_2248.jpg,358,349,cơ thắt hậu môn trong
IMG_2248.jpg,389,359,cơ thắt hậu môn ngoài
IMG_2248.jpg,298,309,trung tâm gân đáy chậu
IMG_2251.jpg,267,174,dây chằng liềm lá phải
IMG_2251.jpg,279,161,dây chằng liềm lá trái
IMG_2251.jpg,176,180,thùy phải
IMG_2251.jpg,334,180,thùy trái
IMG_2251.jpg,250,266,khuyết dây chằng tròn
IMG_2251.jpg,144,292,đáy túi mật
IMG_2252.jpg,272,54,vùng trần
IMG_2252.jpg,328,73,dây chằng vành
IMG_2252.jpg,229,172,tĩnh mạch chủ dưới
IMG_2252.jpg,169,146,tĩnh mạch gan trái
IMG_2252.jpg,114,169,dây chằng vành
IMG_2253.jpg,227,231,thùy vuông
IMG_2253.jpg,189,129,thùy đuôi
IMG_2253.jpg,80,179,ấn dạ dày
IMG_2253.jpg,348,230,ấn đại tràng
IMG_2253.jpg,361,157,ấn thận
IMG_2253.jpg,190,225,dây chằng tròn
IMG_2253.jpg,163,142,khe dây chằng tĩnh mạch
IMG_2253.jpg,263,284,đáy túi mật
IMG_2253.jpg,276,256,thân túi mật
IMG_2253.jpg,286,228,cổ túi mật
IMG_2253.jpg,264,186,ống túi mật
IMG_2253.jpg,147,180,ấn thực quản
IMG_2253.jpg,282,167,ấn tá tràng
IMG_2253.jpg,209,186,động mạch gan riêng
IMG_2253.jpg,219,170,tĩnh mạch cửa
IMG_2253.jpg,225,108,tĩnh mạch chủ dưới
IMG_2254.jpg,199,96,bướu đại tràng
IMG_2254.jpg,222,112,dải sán đại tràng
IMG_2254.jpg,212,319,động mạch mạc treo tràng trên
IMG_2254.jpg,205,306,tĩnh mạch mạc treo tràng trên
IMG_2254.jpg,134,466,hồi tràng
IMG_2254.jpg,83,493,góc hồi manh tràng
IMG_2254.jpg,283,454,động mạch sigma
IMG_2254.jpg,179,349,động mạch đại tràng phải
IMG_2255.jpg,220,66,tĩnh mạch lách
IMG_2255.jpg,166,155,tĩnh mạch mạc treo tràng dưới
IMG_2255.jpg,292,86,tĩnh mạch mạc treo tràng trên
IMG_2255.jpg,297,56,tĩnh mạch cửa
IMG_2255.jpg,282,100,động mạch mạc treo tràng trên
IMG_2255.jpg,171,166,động mạch mạc treo tràng dưới
IMG_2255.jpg,337,44,tá tràng trên
IMG_2255.jpg,363,94,tá tràng xuống
IMG_2255.jpg,314,129,tá tràng ngang
IMG_2255.jpg,264,116,tá tràng lên
IMG_2255.jpg,334,76,động mạch tá tụy trên
IMG_2255.jpg,312,108,động mạch tá tụy dưới sau
IMG_2256.jpg,150,122,tĩnh mạch lách
IMG_2256.jpg,202,144,tĩnh mạch mạc treo tràng dưới
IMG_2256.jpg,261,148,tĩnh mạch mạc treo tràng trên
IMG_2256.jpg,268,82,tĩnh mạch cửa
IMG_2256.jpg,242,160,động mạch mạc treo tràng trên
IMG_2256.jpg,331,97,tá tràng trên
IMG_2256.jpg,355,170,tá tràng xuống
IMG_2256.jpg,267,227,tá tràng ngang
IMG_2256.jpg,226,190,tá tràng lên
IMG_2256.jpg,322,148,động mạch tá tụy trên
IMG_2256.jpg,286,190,động mạch tá tụy dưới trước
IMG_2256.jpg,284,111,ống mật chủ
IMG_2256.jpg,84,109,lách
IMG_2256.jpg,290,168,đầu tụy
IMG_2256.jpg,156,142,đuôi tụy
IMG_2257.jpg,198,114,động mạch thân tạng
IMG_2257.jpg,252,130,động mạch lách
IMG_2257.jpg,172,110,động mạch gan chung
IMG_2257.jpg,158,68,động mạch gan riêng
IMG_2257.jpg,138,130,động mạch tá tụy trên trước
IMG_2257.jpg,138,246,động mạch tá tụy dưới trước
IMG_2257.jpg,202,210,động mạch mạc treo tràng trên
IMG_2257.jpg,184,212,tĩnh mạch mạc treo tràng trên
IMG_2257.jpg,139,36,ống gan phải
IMG_2257.jpg,156,35,ống gan trái
IMG_2257.jpg,145,88,ống gan chung
IMG_2257.jpg,122,52,ống mật chủ
IMG_2257.jpg,104,98,tá tràng trên
IMG_2257.jpg,76,195,tá tràng xuống
IMG_2257.jpg,121,265,tá tràng ngang
IMG_2257.jpg,244,209,tá tràng lên
IMG_2257.jpg,106,174,ống tụy chính
IMG_2257.jpg,119,196,ống tụy phụ
IMG_2257.jpg,103,196,bóng gan tụy
IMG_2257.jpg,99,216,nhú tá bé
IMG_2257.jpg,87,180,nhú tá lớn
IMG_2257.jpg,162,208,mỏm móc
IMG_2257.jpg,419,149,bờ răng cưa của lách
IMG_2257.jpg,379,116,ấn dạ dày
IMG_2258.jpg,82,550,quy đầu
IMG_2258.jpg,78,446,thân dương vật
IMG_2258.jpg,103,344,rễ dương vật
IMG_2258.jpg,166,506,tinh hoàn
IMG_2258.jpg,142,424,động mạch tinh hoàn
IMG_2258.jpg,125,436,tĩnh mạch tinh hoàn
IMG_2258.jpg,180,465,mào tinh
IMG_2258.jpg,126,338,ống dẫn tinh
IMG_2258.jpg,269,237,mặt dưới bên bàng quang
IMG_2258.jpg,296,276,tuyến tiền liệt
IMG_2258.jpg,326,131,niệu quản
IMG_2260.jpg,312,129,đỉnh bàng quang
IMG_2260.jpg,52,121,đáy bàng quang
IMG_2260.jpg,348,128,dây chằng rốn giữa
IMG_2260.jpg,120,184,niệu đạo lỗ trong
IMG_2260.jpg,342,552,niệu đạo lỗ ngoài
IMG_2260.jpg,331,306,vật hang dương vật
IMG_2260.jpg,291,329,vật xốp dương vật
IMG_2260.jpg,362,509,quy đầu
IMG_2260.jpg,21,321,cơ thắt hậu môn trong
IMG_2260.jpg,48,327,cơ thắt hậu môn ngoài
IMG_2260.jpg,83,229,tuyến tiền liệt
IMG_2260.jpg,80,287,túi hành niệu đạo
IMG_2260.jpg,94,246,túi bầu dục
IMG_2261.jpg,274,286,bờ cong lớn
IMG_2261.jpg,96,206,bờ cong bé
IMG_2261.jpg,387,196,tâm vị
IMG_2261.jpg,298,411,lỗ môn vị
IMG_2261.jpg,244,320,khuyết góc
IMG_2261.jpg,96,282,vòng mạch bờ cong lớn
IMG_2261.jpg,245,339,vòng mạch bờ cong nhỏ
IMG_2263.jpg,358,262,bờ cong lớn
IMG_2263.jpg,175,282,bờ cong bé
IMG_2263.jpg,169,188,tâm vị
IMG_2263.jpg,208,99,đáy vị
IMG_2263.jpg,265,291,thân vị
IMG_2263.jpg,195,454,môn vị
IMG_2263.jpg,94,529,lỗ môn vị
IMG_2263.jpg,201,344,khuyết góc
IMG_2263.jpg,130,156,khuyết tâm vị
IMG_2263.jpg,263,339,cơ ngang
IMG_2263.jpg,227,224,cơ dọc
IMG_2263.jpg,227,413,cơ chéo
IMG_2264.jpg,122,391,nếp vị
IMG_2264.jpg,270,167,lỗ tâm vị
IMG_2264.jpg,334,543,cơ thắt môn vị
IMG_2264.jpg,186,338,lớp thanh mạc
IMG_2265.jpg,270,112,gờ luân
IMG_2265.jpg,332,310,gờ đối luân
IMG_2265.jpg,137,354,bình tai
IMG_2265.jpg,233,387,đối bình tai
IMG_2265.jpg,371,240,hố thuyền
IMG_2265.jpg,243,235,hố tam giác
IMG_2265.jpg,194,329,xoăn tai
IMG_2267.jpg,326,177,ống tai ngoài
IMG_2267.jpg,93,233,vòi tai
IMG_2267.jpg,150,233,động mạch cảnh trong
IMG_2267.jpg,114,184,cơ căng nhĩ
IMG_2267.jpg,125,250,cơ căng màn khẩu cái
IMG_2267.jpg,200,114,trần hòm nhĩ
IMG_2267.jpg,327,116,cơ thái dương
IMG_2267.jpg,28,119,đỉnh xương đá
IMG_2268.jpg,164,207,ốc tai xương
IMG_2268.jpg,204,181,tiền đình xương
IMG_2268.jpg,233,152,ống bán khuyên xương
IMG_2268.jpg,293,192,xoang chũm
IMG_2268.jpg,155,169,dây thần kinh 8
IMG_2271.jpg,234,192,cán xương búa
IMG_2271.jpg,254,109,chỏm xương búa
IMG_2271.jpg,203,161,trụ xương đe
IMG_2271.jpg,228,218,rốn màng nhĩ
